[{
    "model": "products.category",
    "pk": 1,
    "fields": {
        "name": "burgers",
        "friendly_name": "Burgers"
    }
}, {
    "model": "products.category",
    "pk": 2,
    "fields": {
        "name": "loaded_chips",
        "friendly_name": "Loaded Chips"
    }
}, {
    "model": "products.category",
    "pk": 3,
    "fields": {
        "name": "new_products",
        "friendly_name": "New Products"
    }
}, {
    "model": "products.category",
    "pk": 4,
    "fields": {
        "name": "pizza",
        "friendly_name": "Pizza"
    }
}, {
    "model": "products.category",
    "pk": 5,
    "fields": {
        "name": "sides",
        "friendly_name": "Sides"
    }
}, {
    "model": "products.category",
    "pk": 6,
    "fields": {
        "name": "fish",
        "friendly_name": "Fish & Chips"
    }
}, {
    "model": "products.category",
    "pk": 7,
    "fields": {
        "name": "china_town",
        "friendly_name": "China Town"
    }
}, {
    "model": "products.category",
    "pk": 8,
    "fields": {
        "name": "specials",
        "friendly_name": "Specials"
    }
}, {
    "model": "products.category",
    "pk": 9,
    "fields": {
        "name": "drinks",
        "friendly_name": "Drinks"
    }
}, {
    "model": "products.category",
    "pk": 10,
    "fields": {
        "name": "milkshakes",
        "friendly_name": "Milkshakes"
    }
}, {
    "model": "products.category",
    "pk": 11,
    "fields": {
        "name": "meals",
        "friendly_name": "Meals"
    }
}, {
    "model": "products.category",
    "pk": 12,
    "fields": {
        "name": "deals",
        "friendly_name": "Deals"
    }
}, {
    "model": "products.category",
    "pk": 13,
    "fields": {
        "name": "daily_offers",
        "friendly_name": "Daily Offers"
    }
}, {
    "model": "products.category",
    "pk": 14,
    "fields": {
        "name": "extras",
        "friendly_name": "Extras"
    }
}, {
    "model": "products.category",
    "pk": 15,
    "fields": {
        "name": "baguettes",
        "friendly_name": "Baguettes"
    }
}, {
    "model": "products.category",
    "pk": 16,
    "fields": {
        "name": "wraps",
        "friendly_name": "Wraps"
    }
}, {
    "model": "products.category",
    "pk": 17,
    "fields": {
        "name": "kebabs",
        "friendly_name": "Kebabs"
    }
}, {
    "model": "products.category",
    "pk": 18,
    "fields": {
        "name": "creoles",
        "friendly_name": "Creoles"
    }
}, {
    "model": "products.category",
    "pk": 19,
    "fields": {
        "name": "salads",
        "friendly_name": "Salads"
    }
}, {
    "model": "products.category",
    "pk": 21,
    "fields": {
        "name": "kids_meals",
        "friendly_name": "Kids meals"
    }
}, {
    "model": "products.category",
    "pk": 22,
    "fields": {
        "name": "crepes",
        "friendly_name": "Crêpes"
    }
}, {
    "model": "products.category",
    "pk": 23,
    "fields": {
        "name": "ice_cream",
        "friendly_name": "Ice cream"
    }
}, {
    "model": "products.category",
    "pk": 24,
    "fields": {
        "name": "other_deserts",
        "friendly_name": "Other deserts"
    }
}, {
    "model": "products.allergen",
    "pk": 1,
    "fields": {
        "name": "Gluten"
    }
}, {
    "model": "products.allergen",
    "pk": 2,
    "fields": {
        "name": "Peanuts"
    }
}, {
    "model": "products.allergen",
    "pk": 3,
    "fields": {
        "name": "Nuts"
    }
}, {
    "model": "products.allergen",
    "pk": 4,
    "fields": {
        "name": "Milk"
    }
}, {
    "model": "products.allergen",
    "pk": 5,
    "fields": {
        "name": "Crustaceans"
    }
}, {
    "model": "products.allergen",
    "pk": 6,
    "fields": {
        "name": "Moliusc"
    }
}, {
    "model": "products.allergen",
    "pk": 7,
    "fields": {
        "name": "Eggs"
    }
}, {
    "model": "products.allergen",
    "pk": 8,
    "fields": {
        "name": "Fish"
    }
}, {
    "model": "products.allergen",
    "pk": 9,
    "fields": {
        "name": "Celery"
    }
}, {
    "model": "products.allergen",
    "pk": 10,
    "fields": {
        "name": "Lupin"
    }
}, {
    "model": "products.allergen",
    "pk": 11,
    "fields": {
        "name": "Mustard"
    }
}, {
    "model": "products.allergen",
    "pk": 12,
    "fields": {
        "name": "Sesame seeds"
    }
}, {
    "model": "products.allergen",
    "pk": 13,
    "fields": {
        "name": "Soya"
    }
}, {
    "model": "products.allergen",
    "pk": 14,
    "fields": {
        "name": "Sulphur Dioxide"
    }
}, {
    "model": "products.topping",
    "pk": 1,
    "fields": {
        "name": "Chicken"
    }
}, {
    "model": "products.topping",
    "pk": 2,
    "fields": {
        "name": "Ham"
    }
}, {
    "model": "products.topping",
    "pk": 3,
    "fields": {
        "name": "Bacon"
    }
}, {
    "model": "products.topping",
    "pk": 4,
    "fields": {
        "name": "Spicy Beef"
    }
}, {
    "model": "products.topping",
    "pk": 5,
    "fields": {
        "name": "Mixed Peppers"
    }
}, {
    "model": "products.topping",
    "pk": 6,
    "fields": {
        "name": "Sausage"
    }
}, {
    "model": "products.topping",
    "pk": 7,
    "fields": {
        "name": "Pepperoni"
    }
}, {
    "model": "products.topping",
    "pk": 8,
    "fields": {
        "name": "Sweetcorn"
    }
}, {
    "model": "products.topping",
    "pk": 9,
    "fields": {
        "name": "Tomato"
    }
}, {
    "model": "products.topping",
    "pk": 10,
    "fields": {
        "name": "Onion"
    }
}, {
    "model": "products.topping",
    "pk": 11,
    "fields": {
        "name": "Mushroom"
    }
}, {
    "model": "products.topping",
    "pk": 12,
    "fields": {
        "name": "Chillies"
    }
}, {
    "model": "products.topping",
    "pk": 13,
    "fields": {
        "name": "Chillies"
    }
}, {
    "model": "products.topping",
    "pk": 14,
    "fields": {
        "name": "Jalapeños"
    }
}, {
    "model": "products.topping",
    "pk": 15,
    "fields": {
        "name": "Pineapple"
    }
}, {
    "model": "products.topping",
    "pk": 16,
    "fields": {
        "name": "Tomato sauce"
    }
}, {
    "model": "products.topping",
    "pk": 17,
    "fields": {
        "name": "BBQ sauce"
    }
}, {
    "model": "products.product",
    "pk": 2,
    "fields": {
        "category": 1,
        "sku": null,
        "name": "Hamburger",
        "description": "Served with ketchup and onion.",
        "price": "2.50",
        "size": "",
        "has_sizes": false,
        "price_medium": "0.00",
        "size_medium": "",
        "price_large": "0.00",
        "size_large": "",
        "price_meal": "4.70",
        "has_toppings": false,
        "price_topping_medium": "0.00",
        "price_topping_large": "0.00",
        "rating": null,
        "image_url": "https://storage.googleapis.com/kagglesdsdata/datasets/1864/33884/images/hamburger/1065477.jpg?X-Goog-Algorithm=GOOG4-RSA-SHA256&X-Goog-Credential=gcp-kaggle-com%40kaggle-161607.iam.gserviceaccount.com%2F20210902%2Fauto%2Fstorage%2Fgoog4_request&X-Goog-Date=20210902T143957Z&X-Goog-Expires=259199&X-Goog-SignedHeaders=host&X-Goog-Signature=2af794471721756fe0006837388924176f1b9377bb15f6f03c2ab0c964b12e65ef15f8e86156e97da69a33ce461e54acb82fe82d8ea6183c0e560a5c1131dfb69ba1592890f5f7288c60c289815a190c6db11525ed902bea71559a28c05ea01fa929f6b3922857ae723dd53cd498409848c4f57cb3885bec4771f1ab290011ea811c50c453036b7c9cddb7c81b4816b3534087cae7a80d95bcc3efeb01865d08881244b301951b948b6c4a8775b0a01cc880a2c037e2383346039248df6139017750585f2dfe2ffcfa8e242dd800eb5c2abd865dc17a0891b82bfc730764fbd07186185d7de95ccb89ef3901776330dfa7f4d29069c5508eda53047cd91f7aee",
        "image": "hamburger_pimsuG5.jpg",
        "allergens": [1, 4, 7, 11, 12, 13],
        "toppings": []
    }
}, {
    "model": "products.product",
    "pk": 3,
    "fields": {
        "category": 1,
        "sku": null,
        "name": "Cheesburger",
        "description": "Served with ketchup and onion and cheese.",
        "price": "3.00",
        "size": "",
        "has_sizes": false,
        "price_medium": "0.00",
        "size_medium": "",
        "price_large": "0.00",
        "size_large": "",
        "price_meal": "5.30",
        "has_toppings": false,
        "price_topping_medium": "0.00",
        "price_topping_large": "0.00",
        "rating": null,
        "image_url": null,
        "image": "cheeseburger_RGpE7cv.jpg",
        "allergens": [1, 4, 7, 11, 12, 13],
        "toppings": []
    }
}, {
    "model": "products.product",
    "pk": 4,
    "fields": {
        "category": 2,
        "sku": null,
        "name": "Beef Taco Chips",
        "description": "Chips, beef and taco sauce.",
        "price": "6.00",
        "size": "",
        "has_sizes": false,
        "price_medium": "0.00",
        "size_medium": "",
        "price_large": "0.00",
        "size_large": "",
        "price_meal": "0.00",
        "has_toppings": false,
        "price_topping_medium": "0.00",
        "price_topping_large": "0.00",
        "rating": null,
        "image_url": null,
        "image": "noimage_zn5TkNO.png",
        "allergens": [4, 7],
        "toppings": []
    }
}, {
    "model": "products.product",
    "pk": 5,
    "fields": {
        "category": 3,
        "sku": null,
        "name": "Taco Chips no beef",
        "description": "Chips and taco sauce and cheese.",
        "price": "5.50",
        "size": "",
        "has_sizes": false,
        "price_medium": "0.00",
        "size_medium": "",
        "price_large": "0.00",
        "size_large": "",
        "price_meal": "0.00",
        "has_toppings": false,
        "price_topping_medium": "0.00",
        "price_topping_large": "0.00",
        "rating": null,
        "image_url": null,
        "image": "noimage_RYttlIr.png",
        "allergens": [4, 7],
        "toppings": []
    }
}, {
    "model": "products.product",
    "pk": 6,
    "fields": {
        "category": 4,
        "sku": null,
        "name": "Margherita Pizza - create your own",
        "description": "Our yummy dough, secret pizza sauce and mozzarella cheese. Available only 12\" and 14\".",
        "price": "7.50",
        "size": "small",
        "has_sizes": false,
        "price_medium": "7.50",
        "size_medium": "medium",
        "price_large": "9.00",
        "size_large": "large",
        "price_meal": "0.00",
        "has_toppings": false,
        "price_topping_medium": "0.00",
        "price_topping_large": "0.00",
        "rating": null,
        "image_url": "https://storage.googleapis.com/kagglesdsdata/datasets/1864/33884/images/pizza/1008104.jpg?X-Goog-Algorithm=GOOG4-RSA-SHA256&X-Goog-Credential=gcp-kaggle-com%40kaggle-161607.iam.gserviceaccount.com%2F20210902%2Fauto%2Fstorage%2Fgoog4_request&X-Goog-Date=20210902T151900Z&X-Goog-Expires=259199&X-Goog-SignedHeaders=host&X-Goog-Signature=542e0a5239371bc47fb6ba1892e88e1ec60a621e0c6246eaf94da02651707c2385840f1a18b6c358a83005c0a8f7c1710bde87d7b191d8b4e70e977aeac04f8569a79dd137720152aa4cb6b8ec99704e691ad63c9ad7f1e2cba9fd42901de881b8b644769a5feabc5f3111eb40638814aecd869063a53015ad7c3f305e4c0ee09f3adb4ba2e464080edc7b46a205c4deabbc3d98380227ad8297b67b6a9aca40580e93dd94a119be08c6f1a708ca882609fdd19d017bbda4e6980051df4149365b7dd8cdbbfea4ced8096f099a2b42f1f4e6fbc5647ea3eb9a1d62514624f6a55dacee45fb4afd04e9cc9db6500f1a5091d747996e839992628a680b92194f6f",
        "image": "margherita_gV6Up6t.jpg",
        "allergens": [1, 4],
        "toppings": []
    }
}, {
    "model": "products.product",
    "pk": 7,
    "fields": {
        "category": 5,
        "sku": null,
        "name": "Chips",
        "description": "Our home made thick cut chips.",
        "price": "2.80",
        "size": "",
        "has_sizes": false,
        "price_medium": "0.00",
        "size_medium": "",
        "price_large": "0.00",
        "size_large": "",
        "price_meal": "0.00",
        "has_toppings": false,
        "price_topping_medium": "0.00",
        "price_topping_large": "0.00",
        "rating": null,
        "image_url": "https://storage.googleapis.com/kagglesdsdata/datasets/1864/33884/images/french_fries/1033213.jpg?X-Goog-Algorithm=GOOG4-RSA-SHA256&X-Goog-Credential=gcp-kaggle-com%40kaggle-161607.iam.gserviceaccount.com%2F20210902%2Fauto%2Fstorage%2Fgoog4_request&X-Goog-Date=20210902T152336Z&X-Goog-Expires=259199&X-Goog-SignedHeaders=host&X-Goog-Signature=2055b1c1552937cd969ba29b86f667f9716bc8e10736ada84ecba24a8c0c32b8e0214da8839d90c53a4199baf12323a3fdeb9e19846898da23b20f2f02a33bdad8771cfe6e70e686c07e139394d300534ef304e2ec67a3af203afabd439506b44544b2e30fcac7c68908ca6fbb546cdd8c499d9724c73a185c2c8a737769c85109b7d459ff9bdc8359a55d244eec1df6ea92985bccb5d092d8fafea72c91bc9eeeb7324597c101f3e68a8e9793f5bc5f346243953a2ea9baa7669d4c37d1348667f0f6d101dbe7718e51363fd81f9b1b42e17d170b99e84399d0835535ef1c51ed0b7a3615a0e75030fa61261b4e5c377fc842ead771903154f68c44ab009ff1",
        "image": "french_fries.jpg",
        "allergens": [],
        "toppings": []
    }
}, {
    "model": "products.product",
    "pk": 8,
    "fields": {
        "category": 6,
        "sku": null,
        "name": "Fish and Chips",
        "description": "100% Cod fillet with our famous chips. Served with slice of lemon.",
        "price": "7.50",
        "size": "",
        "has_sizes": false,
        "price_medium": "0.00",
        "size_medium": "",
        "price_large": "0.00",
        "size_large": "",
        "price_meal": "0.00",
        "has_toppings": false,
        "price_topping_medium": "0.00",
        "price_topping_large": "0.00",
        "rating": null,
        "image_url": "https://storage.googleapis.com/kagglesdsdata/datasets/1864/33884/images/fish_and_chips/1054214.jpg?X-Goog-Algorithm=GOOG4-RSA-SHA256&X-Goog-Credential=gcp-kaggle-com%40kaggle-161607.iam.gserviceaccount.com%2F20210902%2Fauto%2Fstorage%2Fgoog4_request&X-Goog-Date=20210902T152724Z&X-Goog-Expires=259199&X-Goog-SignedHeaders=host&X-Goog-Signature=1191e7d5d13a219788588fbd3a53b5e8272e7a7b49efd82ca6daa0e3719dae95b6be83dcbc75f50d74c7b98b8721ea6d9ce05a78cf3595556c19a8881e0e3597f8be18b09874f19a9dc07be6700dd74901919bf457eb043e26655b9048cb9c0f2dcbc43b7dba2c7659a699eebab7f0425672ddc63123c476c62e003f72738d148126f3a54bafa8ad633c41c6564464d5b4fd3bf843934db9d83974c26aa7e46444cb614610cab3235407117017f773932505304e5c7338e60a355787ca65d60e17a252dab8da419a3a48e7fb2f62359224d3cf96952889322dbf2cdb56034735bbb2045109aeea25286615bfa70ce5764012bb8e36e5b28f4db488ee795ae9f9",
        "image": "fish_n_chips.jpg",
        "allergens": [1, 8],
        "toppings": []
    }
}, {
    "model": "products.product",
    "pk": 9,
    "fields": {
        "category": 7,
        "sku": null,
        "name": "Chicken Spice Bag",
        "description": "Spicy chicken shreds with chips and vegetables.",
        "price": "6.00",
        "size": "small",
        "has_sizes": true,
        "price_medium": "0.00",
        "size_medium": "",
        "price_large": "8.00",
        "size_large": "large",
        "price_meal": "0.00",
        "has_toppings": false,
        "price_topping_medium": "0.00",
        "price_topping_large": "0.00",
        "rating": null,
        "image_url": null,
        "image": "noimage_yz5QEfg.png",
        "allergens": [1],
        "toppings": []
    }
}, {
    "model": "products.product",
    "pk": 10,
    "fields": {
        "category": 8,
        "sku": null,
        "name": "BBQ Buffalo Wings",
        "description": "Crispy chicken wings marinated in BBQ sauce.",
        "price": "6.90",
        "size": "",
        "has_sizes": false,
        "price_medium": "0.00",
        "size_medium": "",
        "price_large": "0.00",
        "size_large": "",
        "price_meal": "0.00",
        "has_toppings": false,
        "price_topping_medium": "0.00",
        "price_topping_large": "0.00",
        "rating": null,
        "image_url": "https://storage.googleapis.com/kagglesdsdata/datasets/1864/33884/images/chicken_wings/1008504.jpg?X-Goog-Algorithm=GOOG4-RSA-SHA256&X-Goog-Credential=gcp-kaggle-com%40kaggle-161607.iam.gserviceaccount.com%2F20210902%2Fauto%2Fstorage%2Fgoog4_request&X-Goog-Date=20210902T153609Z&X-Goog-Expires=259199&X-Goog-SignedHeaders=host&X-Goog-Signature=a69135d9972318804a9852c93688f1a9423f44e2b6f18af00a776b3c15d231c2333f09fff8c6068d17871a13e7b33a88b8f292d1ed63b89a92f217075b9835981c2247cdb4a3d5a5f59078a0941d65c63d9a03d33919cdb1f114050096bf79f1aa0e862ae4b524b54a1f284905a6996c841a4cba80fcda7f1094a6abd6ee1a791bdee5a9ba1bcd0e1d383672a2eb987828d4a223a703ac66b4141d3691f6bd511d50f90d06425c6c71dc3c33d71221c9f7cf8333468ad84fb2ee5bf988c0165e66f7e8264b16e68c57c77a9eeebfcdf0c25624b3e37c205212b6d411e796d6d82f15ef46e54d11ce67990e8e4b775e6f9196d002b75f2c062f82066c8423691",
        "image": "bbq_wings.jpg",
        "allergens": [1, 11],
        "toppings": []
    }
}, {
    "model": "products.product",
    "pk": 11,
    "fields": {
        "category": 9,
        "sku": null,
        "name": "Coca Cola",
        "description": "Delicious and refreshing.",
        "price": "1.50",
        "size": "0.33l",
        "has_sizes": true,
        "price_medium": "2.00",
        "size_medium": "0.5l",
        "price_large": "3.50",
        "size_large": "1.5l",
        "price_meal": "0.00",
        "has_toppings": false,
        "price_topping_medium": "0.00",
        "price_topping_large": "0.00",
        "rating": null,
        "image_url": null,
        "image": "",
        "allergens": [],
        "toppings": []
    }
}, {
    "model": "products.product",
    "pk": 12,
    "fields": {
        "category": 10,
        "sku": null,
        "name": "Vanilla milkshake",
        "description": "Delicious ice cream and 100% fresh Irish milk.",
        "price": "2.80",
        "size": "small",
        "has_sizes": true,
        "price_medium": "0.00",
        "size_medium": "",
        "price_large": "3.50",
        "size_large": "large",
        "price_meal": "0.00",
        "has_toppings": false,
        "price_topping_medium": "0.00",
        "price_topping_large": "0.00",
        "rating": null,
        "image_url": "https://storage.googleapis.com/kagglesdsdata/datasets/1864/33884/images/chicken_wings/1008504.jpg?X-Goog-Algorithm=GOOG4-RSA-SHA256&X-Goog-Credential=gcp-kaggle-com%40kaggle-161607.iam.gserviceaccount.com%2F20210902%2Fauto%2Fstorage%2Fgoog4_request&X-Goog-Date=20210902T153609Z&X-Goog-Expires=259199&X-Goog-SignedHeaders=host&X-Goog-Signature=a69135d9972318804a9852c93688f1a9423f44e2b6f18af00a776b3c15d231c2333f09fff8c6068d17871a13e7b33a88b8f292d1ed63b89a92f217075b9835981c2247cdb4a3d5a5f59078a0941d65c63d9a03d33919cdb1f114050096bf79f1aa0e862ae4b524b54a1f284905a6996c841a4cba80fcda7f1094a6abd6ee1a791bdee5a9ba1bcd0e1d383672a2eb987828d4a223a703ac66b4141d3691f6bd511d50f90d06425c6c71dc3c33d71221c9f7cf8333468ad84fb2ee5bf988c0165e66f7e8264b16e68c57c77a9eeebfcdf0c25624b3e37c205212b6d411e796d6d82f15ef46e54d11ce67990e8e4b775e6f9196d002b75f2c062f82066c8423691",
        "image": "noimage_aLS3hfv.png",
        "allergens": [4],
        "toppings": []
    }
}, {
    "model": "products.product",
    "pk": 13,
    "fields": {
        "category": 5,
        "sku": null,
        "name": "Battered Sausage",
        "description": "Delicious battered sausage. Have it as a meal with chips for a special price.",
        "price": "2.20",
        "size": "",
        "has_sizes": false,
        "price_medium": "0.00",
        "size_medium": "",
        "price_large": "0.00",
        "size_large": "",
        "price_meal": "5.00",
        "has_toppings": false,
        "price_topping_medium": "0.00",
        "price_topping_large": "0.00",
        "rating": null,
        "image_url": null,
        "image": "noimage_KVAn6KJ.png",
        "allergens": [1, 13, 14],
        "toppings": []
    }
}, {
    "model": "products.product",
    "pk": 14,
    "fields": {
        "category": 12,
        "sku": null,
        "name": "Two burgers meal",
        "description": "Two 1/4lb or chicken burgers, two portions of chips, and two cans.\r\nFor allergens see selected products.",
        "price": "12.00",
        "size": "",
        "has_sizes": false,
        "price_medium": "0.00",
        "size_medium": "",
        "price_large": "0.00",
        "size_large": "",
        "price_meal": "0.00",
        "has_toppings": false,
        "price_topping_medium": "0.00",
        "price_topping_large": "0.00",
        "rating": null,
        "image_url": "https://storage.googleapis.com/kagglesdsdata/datasets/1864/33884/images/hamburger/1010695.jpg?X-Goog-Algorithm=GOOG4-RSA-SHA256&X-Goog-Credential=gcp-kaggle-com%40kaggle-161607.iam.gserviceaccount.com%2F20210902%2Fauto%2Fstorage%2Fgoog4_request&X-Goog-Date=20210902T161327Z&X-Goog-Expires=259199&X-Goog-SignedHeaders=host&X-Goog-Signature=72eca6f1ba17dfa7a572aa8dc576beb01ebd5d2b21d3d95d72ecf8710280ba2444c06e5ca987a6e73f21c96ed89382922cb87aa5291524a8e89831ce9a4f6727737bf58df1f78dc25afc7a43eb057c1b274d8e7bbe59c639d13ef5bed3afd5009690f7eb5053b2d83bc4d10e5625ebfd0c9fac9a3f946c72dc118d8bc6c28e543685f642abed0b15948b944ea1a3daca28ad516982df29a662bf342fc7e7b47bdae17507e3463e9eeeb28d4edce18d7a9be87383d8e97d9111ac45751bf4b35ca374ddb1533d6a8612beee2cd2a9ba23a7b848a3c966b26cba4f9494fb96ada014afe5de48b37784f8e8ab9debb8640e5e619d1ff9e5a9278ceba12a5cdf31d1",
        "image": "qtr_lb_meal.jpg",
        "allergens": [],
        "toppings": []
    }
}, {
    "model": "products.product",
    "pk": 15,
    "fields": {
        "category": 13,
        "sku": null,
        "name": "Kebab tray offer",
        "description": "Kebab tray special offer Wednesday - Thursday.\r\nFor allergens see the selected product.",
        "price": "4.50",
        "size": "",
        "has_sizes": false,
        "price_medium": "0.00",
        "size_medium": "",
        "price_large": "0.00",
        "size_large": "",
        "price_meal": "0.00",
        "has_toppings": false,
        "price_topping_medium": "0.00",
        "price_topping_large": "0.00",
        "rating": null,
        "image_url": null,
        "image": "noimage_A8NmXo8.png",
        "allergens": [],
        "toppings": []
    }
}, {
    "model": "products.product",
    "pk": 16,
    "fields": {
        "category": 14,
        "sku": null,
        "name": "Curry sauce",
        "description": "Hot curry sauce.",
        "price": "1.70",
        "size": "",
        "has_sizes": false,
        "price_medium": "0.00",
        "size_medium": "",
        "price_large": "0.00",
        "size_large": "",
        "price_meal": "0.00",
        "has_toppings": false,
        "price_topping_medium": "0.00",
        "price_topping_large": "0.00",
        "rating": null,
        "image_url": null,
        "image": "noimage_Qctwjy0.png",
        "allergens": [1, 11],
        "toppings": []
    }
}, {
    "model": "products.product",
    "pk": 17,
    "fields": {
        "category": 15,
        "sku": null,
        "name": "BLT Bauette",
        "description": "Roll with bacon, lettuce, tomato, and mayo.",
        "price": "4.50",
        "size": "",
        "has_sizes": false,
        "price_medium": "0.00",
        "size_medium": "",
        "price_large": "0.00",
        "size_large": "",
        "price_meal": "0.00",
        "has_toppings": false,
        "price_topping_medium": "0.00",
        "price_topping_large": "0.00",
        "rating": null,
        "image_url": null,
        "image": "noimage_cnjpKHt.png",
        "allergens": [1, 4, 7, 11],
        "toppings": []
    }
}, {
    "model": "products.product",
    "pk": 18,
    "fields": {
        "category": 16,
        "sku": null,
        "name": "Chip Wrap",
        "description": "Wrap with chips and choice of sauce.",
        "price": "4.50",
        "size": "",
        "has_sizes": false,
        "price_medium": "0.00",
        "size_medium": "",
        "price_large": "0.00",
        "size_large": "",
        "price_meal": "0.00",
        "has_toppings": false,
        "price_topping_medium": "0.00",
        "price_topping_large": "0.00",
        "rating": null,
        "image_url": null,
        "image": "noimage_23ZAlz2.png",
        "allergens": [1],
        "toppings": []
    }
}, {
    "model": "products.product",
    "pk": 19,
    "fields": {
        "category": 17,
        "sku": null,
        "name": "Doner Kebab in Pita",
        "description": "Doner kebab meat served in a homemade pita with mayo, onion, tomatoes, and lettuce.",
        "price": "6.00",
        "size": "",
        "has_sizes": false,
        "price_medium": "0.00",
        "size_medium": "",
        "price_large": "0.00",
        "size_large": "",
        "price_meal": "0.00",
        "has_toppings": false,
        "price_topping_medium": "0.00",
        "price_topping_large": "0.00",
        "rating": null,
        "image_url": null,
        "image": "noimage_cz52GSQ.png",
        "allergens": [1, 4, 7, 11],
        "toppings": []
    }
}, {
    "model": "products.product",
    "pk": 20,
    "fields": {
        "category": 18,
        "sku": null,
        "name": "Beef Mince Creole",
        "description": "Home made pita, chips, mayo and lettuce.",
        "price": "6.00",
        "size": "",
        "has_sizes": false,
        "price_medium": "0.00",
        "size_medium": "",
        "price_large": "0.00",
        "size_large": "",
        "price_meal": "0.00",
        "has_toppings": false,
        "price_topping_medium": "0.00",
        "price_topping_large": "0.00",
        "rating": null,
        "image_url": null,
        "image": "noimage_7UMBqGr.png",
        "allergens": [1, 4, 7, 11],
        "toppings": []
    }
}, {
    "model": "products.product",
    "pk": 21,
    "fields": {
        "category": 19,
        "sku": null,
        "name": "Caesar Salad",
        "description": "Crispy chicken with lettuce, tomatoes and dressing.",
        "price": "7.00",
        "size": "",
        "has_sizes": false,
        "price_medium": "0.00",
        "size_medium": "",
        "price_large": "0.00",
        "size_large": "",
        "price_meal": "0.00",
        "has_toppings": false,
        "price_topping_medium": "0.00",
        "price_topping_large": "0.00",
        "rating": null,
        "image_url": null,
        "image": "noimage_OO3QnDG.png",
        "allergens": [1, 4, 13],
        "toppings": []
    }
}, {
    "model": "products.product",
    "pk": 22,
    "fields": {
        "category": 21,
        "sku": null,
        "name": "Hamburger kids meal",
        "description": "Hamburger, chips, Capri sun or water.",
        "price": "5.00",
        "size": "",
        "has_sizes": false,
        "price_medium": "0.00",
        "size_medium": "",
        "price_large": "0.00",
        "size_large": "",
        "price_meal": "5.00",
        "has_toppings": false,
        "price_topping_medium": "0.00",
        "price_topping_large": "0.00",
        "rating": null,
        "image_url": null,
        "image": "qtr_lb_meal_4WjB1Me.jpg",
        "allergens": [1, 4, 7, 11, 12, 13],
        "toppings": []
    }
}, {
    "model": "products.product",
    "pk": 23,
    "fields": {
        "category": 22,
        "sku": null,
        "name": "Crêpe with Nutella",
        "description": "Crêpe with Nutella sauce and cream.",
        "price": "5.00",
        "size": "",
        "has_sizes": false,
        "price_medium": "0.00",
        "size_medium": "",
        "price_large": "0.00",
        "size_large": "",
        "price_meal": "0.00",
        "has_toppings": false,
        "price_topping_medium": "0.00",
        "price_topping_large": "0.00",
        "rating": null,
        "image_url": null,
        "image": "noimage_7iFZC6k.png",
        "allergens": [1, 3, 4, 7, 13],
        "toppings": []
    }
}, {
    "model": "products.product",
    "pk": 24,
    "fields": {
        "category": 23,
        "sku": null,
        "name": "Jack's Kinderella",
        "description": "Chocolate & Vanilla Ice cream with cream and sauce",
        "price": "7.00",
        "size": "",
        "has_sizes": false,
        "price_medium": "0.00",
        "size_medium": "",
        "price_large": "0.00",
        "size_large": "",
        "price_meal": "0.00",
        "has_toppings": false,
        "price_topping_medium": "0.00",
        "price_topping_large": "0.00",
        "rating": null,
        "image_url": null,
        "image": "noimage_Dorp543.png",
        "allergens": [1, 3, 4, 13],
        "toppings": []
    }
}, {
    "model": "products.product",
    "pk": 25,
    "fields": {
        "category": 24,
        "sku": null,
        "name": "Chocolate Muffin",
        "description": "Chocolate Muffin. Served hot.",
        "price": "2.00",
        "size": "",
        "has_sizes": false,
        "price_medium": "0.00",
        "size_medium": "",
        "price_large": "0.00",
        "size_large": "",
        "price_meal": "0.00",
        "has_toppings": false,
        "price_topping_medium": "0.00",
        "price_topping_large": "0.00",
        "rating": null,
        "image_url": null,
        "image": "noimage_i5Jle3e.png",
        "allergens": [1, 4, 13],
        "toppings": []
    }
}, {
    "model": "products.product",
    "pk": 26,
    "fields": {
        "category": 4,
        "sku": null,
        "name": "Mexican",
        "description": "Spicy beef & onion pizza with tomato sauce.",
        "price": "7.50",
        "size": "small",
        "has_sizes": false,
        "price_medium": "9.50",
        "size_medium": "medium",
        "price_large": "11.50",
        "size_large": "large",
        "price_meal": "0.00",
        "has_toppings": true,
        "price_topping_medium": "0.00",
        "price_topping_large": "0.00",
        "rating": null,
        "image_url": null,
        "image": "noimage_FpplsSp.png",
        "allergens": [1, 4],
        "toppings": [4, 10, 14, 16]
    }
}]